Actor/Actress	Movie	Year
50 CENT	BEEF	2003
50 CENT	BEFORE I SELF DESTRUCT	2009
50 CENT	THE MC: WHY WE DO IT	2005
50 CENT	CAUGHT IN THE CROSSFIRE	2010
50 CENT	THE FROZEN GROUND	2013
50 CENT	BEEF III	2005
50 CENT	LAST VEGAS	2013
50 CENT	GUN	2010
50 CENT	THE INFAMOUS TIMES, VOLUME I: THE ORIGINAL 50 CENT	2005
50 CENT	BLACK AND BLUE: LEGENDS OF THE HIP-HOP COP	2006
50 CENT	MORNING GLORY	2010
50 CENT	LIVE!	2007
50 CENT	13	2010
50 CENT	ALL THINGS FALL APART	2011
50 CENT	BEEF II	2004
50 CENT	GET RICH OR DIE TRYIN'	2005
50 CENT	FIRE WITH FIRE	2012
50 CENT	THE PRINCE	2014
50 CENT	BLOOD OUT	2011
50 CENT	ESCAPE PLAN	2013
50 CENT	SETUP	2011
50 CENT	JACK'S LAW	2006
50 CENT	HOME OF THE BRAVE	2006
50 CENT	DEAD MAN RUNNING	2009
50 CENT	STREETS OF BLOOD	2009
50 CENT	RIGHTEOUS KILL	2008
50 CENT	FREELANCERS	2012
50 CENT	LETTER TO THE PRESIDENT	2005
50 CENT	TWELVE	2010
AARON, CAROLINE	A DAY WITHOUT A MEXICAN	2004
AARON, CAROLINE	THE BROTHER FROM ANOTHER PLANET	1984
AARON, CAROLINE	BIG NIGHT	1996
AARON, CAROLINE	LOVE HURTS	2009
AARON, CAROLINE	AMY'S ORGASM	2001
AARON, CAROLINE	THE SECRET LIFE OF ZOEY	2002
AARON, CAROLINE	GRILLED	2006
AARON, CAROLINE	NOBODY'S BABY	2001
AARON, CAROLINE	21 JUMP STREET	2012
AARON, CAROLINE	NANCY DREW	2007
AARON, CAROLINE	PUMPKIN	2002
AARON, CAROLINE	OUR FAMILY WEDDING	2010
AARON, CAROLINE	ANYWHERE BUT HERE	1999
AARON, CAROLINE	DECONSTRUCTING HARRY	1997
AARON, CAROLINE	ALONG CAME POLLY	2004
AARON, CAROLINE	FINDING BLISS	2009
AARON, CAROLINE	JOE DIRT	2001
AARON, CAROLINE	22 JUMP STREET	2014
AARON, CAROLINE	JUST LIKE HEAVEN	2005
AARON, CAROLINE	HOUSE ARREST	1996
AARON, CAROLINE	SURVEILLANCE	2008
AARON, CAROLINE	WHAT PLANET ARE YOU FROM?	2000
AARON, CAROLINE	A MODERN AFFAIR	1995
AARON, CAROLINE	TWO DAYS	2003
AARON, CAROLINE	NEVER AGAIN	2001
AARON, CAROLINE	WHEN BILLIE BEAT BOBBY	2001
AARON, CAROLINE	SLEEPLESS IN SEATTLE	1993
AARON, CAROLINE	THE BOYS NEXT DOOR	1996
AARON, CAROLINE	LUCKY NUMBERS	2000
AARON, CAROLINE	HUSBANDS AND WIVES	1992
AARON, CAROLINE	BOUNCE	2000
AARON, CAROLINE	THIS IS MY LIFE	1992
AARON, CAROLINE	PLANES: FIRE & RESCUE	2014
AARON, CAROLINE	CELLULAR	2004
AARON, CAROLINE	THERE'S NO FISH FOOD IN HEAVEN	1998
AARON, CAROLINE	MEETING SPENCER	2010
AARON, CAROLINE	MIXED NUTS	1994
AARON, CAROLINE	PRIMARY COLORS	1998
AARON, CAROLINE	DEAD AND ALIVE: THE RACE FOR GUS FARACE	1991
AARON, CAROLINE	THE PICKLE	1993
AARON, CAROLINE	BEYOND THE SEA	2004
AARON, CAROLINE	WEAPONS OF MASS DISTRACTION	1997
AARONS, BONNIE	ACCIDENTAL LOVE	2015
AARONS, BONNIE	THE FIGHTER	2010
AARONS, BONNIE	I KNOW WHO KILLED ME	2007
AARONS, BONNIE	DEAR GOD	1996
AARONS, BONNIE	SILVER LININGS PLAYBOOK	2012
AARONS, BONNIE	SHALLOW HAL	2001
AARONS, BONNIE	VALENTINE'S DAY	2010
AARONS, BONNIE	WRISTCUTTERS: A LOVE STORY	2006
AARONS, BONNIE	MULHOLLAND DR.	2001
AARONS, BONNIE	HELL RIDE	2008
AARONS, BONNIE	ONE, TWO, MANY	2008
AARONS, BONNIE	EXIT TO EDEN	1994
AARONS, BONNIE	DRAG ME TO HELL	2009
AASLAND, DEREK	THE SKULLS	2000
AASLAND, DEREK	FREQUENCY	2000
AASLAND, DEREK	RESIDENT EVIL: APOCALYPSE	2004
AASLAND, DEREK	KIDS IN THE HALL: BRAIN CANDY	1996
AASLAND, DEREK	RATED X	2000
AASLAND, DEREK	HENDRIX	2000
AASLAND, DEREK	TWO OF US	2000
AASLAND, DEREK	URBAN LEGENDS: FINAL CUT	2000
AASLAND, DEREK	BLEACHER BUMS	2001
ABATEMARCO, TONY	AUGGIE ROSE	2000
ABATEMARCO, TONY	A DAY WITHOUT A MEXICAN	2004
ABATEMARCO, TONY	TOWN & COUNTRY	2001
ABATEMARCO, TONY	MY ONE AND ONLY	2009
ABATEMARCO, TONY	SLEEPING WITH THE ENEMY	1991
ABATEMARCO, TONY	MUSIC FROM ANOTHER ROOM	1998
ABATEMARCO, TONY	SUBTERFUGE	1996
ABATEMARCO, TONY	CLOCKSTOPPERS	2002
ABATEMARCO, TONY	I AM SAM	2001
ABATEMARCO, TONY	ALL OVER THE GUY	2001
ABATEMARCO, TONY	SACRIFICE	2000
ABBASS, HIAM	MUNICH	2005
ABBASS, HIAM	PARADISE NOW	2005
ABBASS, HIAM	THE NATIVITY STORY	2006
ABBASS, HIAM	AZUR ET ASMAR	2006
ABBASS, HIAM	CHACUN CHERCHE SON CHAT	1996
ABBASS, HIAM	MIRAL	2010
ABBASS, HIAM	MAY IN THE SUMMER	2013
ABBASS, HIAM	EXODUS: GODS AND KINGS	2014
ABBASS, HIAM	THE LIMITS OF CONTROL	2009
ABBASS, HIAM	AMREEKA	2009
ABBASS, HIAM	THE VISITOR	2007
ABBINK, MARC	ALEXANDER AND THE TERRIBLE, HORRIBLE, NO GOOD, VERY BAD DAY	2014
ABBINK, MARC	SAVING MR. BANKS	2013
ABBINK, MARC	JOBS	2013
ABBINK, MARC	THE GAMBLER	2014
ABBINK, MARC	ARGO	2012
ABBINK, MARC	THE DARK KNIGHT RISES	2012
ABBINK, MARC	GONE GIRL	2014
ABBINK, MARC	SMASHED	2012
ABBINK, MARC	DIVERGENT	2014
ABBINK, MARC	BLACK GOLD	2011
ABBOTT, ANNIE (I)	THE WORK AND THE GLORY	2004
ABBOTT, ANNIE (I)	ONE LAST RIDE	2005
ABBOTT, ANNIE (I)	RENNIE'S LANDING	2001
ABBOTT, ANNIE (I)	THE REVENANT	2009
ABBOTT, ANNIE (I)	CITIZEN JANE	2009
ABBOTT, ANNIE (I)	CAN'T BE HEAVEN	2000
ABBOTT, ANNIE (I)	FAT ALBERT	2004
ABBOTT, ANNIE (I)	THE WORK AND THE GLORY II: AMERICAN ZION	2005
ABBOTT, DEBORAH	SLAP HER, SHE'S FRENCH!	2002
ABBOTT, DEBORAH	REVOLUTION	2012
ABBOTT, DEBORAH	WHERE THE HEART IS	2000
ABBOTT, DEBORAH	THE NEW GUY	2002
ABBOTT, DEBORAH	SPY KIDS 2: ISLAND OF LOST DREAMS	2002
ABBOTT, DEBORAH	MEN, WOMEN & CHILDREN	2014
ABBOTT, DEBORAH	ELVIS AND ANABELLE	2007
ABBOTT, DEBORAH	MISS CONGENIALITY	2000
ABBOTT, DEBORAH	AT ANY COST	2000
ABBOTT, DEBORAH	THE LIFE OF DAVID GALE	2003
ABDOO, ROSE	MY BEST FRIEND'S WEDDING	1997
ABDOO, ROSE	LEGALLY BLONDES	2009
ABDOO, ROSE	U.S. MARSHALS	1998
ABDOO, ROSE	THE GUILT TRIP	2012
ABDOO, ROSE	HOTEL TRANSYLVANIA	2012
ABDOO, ROSE	RELATIVE STRANGERS	2006
ABDOO, ROSE	BAD TEACHER	2011
ABDOO, ROSE	UNCONDITIONAL LOVE	2002
ABDOO, ROSE	I HATE VALENTINE'S DAY	2009
ABDOO, ROSE	YELLOW DAY	2015
ABDOO, ROSE	THE 40 YEAR OLD VIRGIN	2005
ABDOO, ROSE	WELCOME TO ME	2014
ABDOO, ROSE	CAKE	2014
ABDOO, ROSE	GOOD NIGHT, AND GOOD LUCK.	2005
ABDULLAH, HAJI	SABOTAGE	2014
ABDULLAH, HAJI	STOMP THE YARD	2007
ABDULLAH, HAJI	THE BLIND SIDE	2009
ABDULLAH, HAJI	FOR COLORED GIRLS	2010
ABDULLAH, HAJI	STOMP THE YARD 2: HOMECOMING	2010
ABDULLAH, HAJI	WHAT TO EXPECT WHEN YOU'RE EXPECTING	2012
ABDULLAH, HAJI	BATTLE	2011
ABDULLAH, HAJI	HALL PASS	2011
ABDULLAH, HAJI	WHY DID I GET MARRIED TOO?	2010
ABDULLAH, HAJI	PREACHER'S KID	2010
ABDULLAH, HAJI	DUE DATE	2010
ABDULLAH, HAJI	WE ARE MARSHALL	2006
ABE, TSUYOSHI (I)	TODAY YOU DIE	2005
ABE, TSUYOSHI (I)	WHEN THE COBRA STRIKES	2012
ABE, TSUYOSHI (I)	TYCUS	1999
ABE, TSUYOSHI (I)	BIG STAN	2007
ABE, TSUYOSHI (I)	BLACK FRIDAY	2001
ABE, TSUYOSHI (I)	BLOOD AND BONE	2009
ABE, TSUYOSHI (I)	NO WAY BACK	1995
ABE, TSUYOSHI (I)	FUNKY MONKEY	2004
ABECKASER, DANNY A.	BUCKY LARSON: BORN TO BE A STAR	2011
ABECKASER, DANNY A.	HOLY ROLLERS	2010
ABECKASER, DANNY A.	FREELANCERS	2012
ABECKASER, DANNY A.	ALPHA DOG	2006
ABECKASER, DANNY A.	GARDENER OF EDEN	2007
ABECKASER, DANNY A.	HOMIE SPUMONI	2006
ABECKASER, DANNY A.	THE WOLF OF WALL STREET	2013
ABECKASER, DANNY A.	THE EDUCATION OF CHARLIE BANKS	2007
ABECKASER, DANNY A.	THE ICEMAN	2012
ABECKASER, DANNY A.	YOU DON'T MESS WITH THE ZOHAN	2008
ABECKASER, DANNY A.	EL CANTANTE	2006
ABECKASER, DANNY A.	MADE	2001
ABEL, JAKE	PERCY JACKSON: SEA OF MONSTERS	2013
ABEL, JAKE	THE HOST	2013
ABEL, JAKE	THE LOVELY BONES	2009
ABEL, JAKE	I AM NUMBER FOUR	2011
ABEL, JAKE	AGAINST THE SUN	2014
ABEL, JAKE	LOVE & MERCY	2014
ABEL, JAKE	STRANGE WILDERNESS	2008
ABEL, JAKE	FLASH OF GENIUS	2008
ABEL, JAKE	ANGEL OF DEATH	2009
ABEL, JAKE	PERCY JACKSON & THE OLYMPIANS: THE LIGHTNING THIEF	2010
ABEL, JAKE	TRU LOVED	2008
ABELANSKI, LIONEL	LE CONCERT	2009
ABELANSKI, LIONEL	ALIVE	2004
ABELANSKI, LIONEL	DE L'AUTRE CÙTÈ DU PÈRIPH	2012
ABELANSKI, LIONEL	LES INFIDËLES	2012
ABELANSKI, LIONEL	TRAIN DE VIE	1998
ABELANSKI, LIONEL	ATONEMENT	2007
ABELANSKI, LIONEL	MA FEMME EST UNE ACTRICE	2001
ABELANSKI, LIONEL	MAGIC IN THE MOONLIGHT	2014
ABELL, ALISTAIR	BATTLE IN SEATTLE	2007
ABELL, ALISTAIR	1ST TO DIE	2003
ABELL, ALISTAIR	EVERY SECOND COUNTS	2008
ABELL, ALISTAIR	TURBULENCE 3: HEAVY METAL	2001
ABELL, ALISTAIR	SISTERS	2006
ABELL, ALISTAIR	TORTURED	2008
ABELL, ALISTAIR	FREDDY VS. JASON	2003
ABELL, ALISTAIR	PRESSURE	2002
ABELL, ALISTAIR	STORIES USA	2007
ABELL, ALISTAIR	DR. DOLITTLE 3	2006
ABELL, ALISTAIR	THE DEAD ZONE	2002
ABELL, ALISTAIR	FOR THE MOMENT	1993
ABELL, ALISTAIR	DIARY OF A WIMPY KID	2010
ABELL, ALISTAIR	G.I. JOE: VALOR VS. VENOM	2004
ABELL, ALISTAIR	SNAKEHEAD TERROR	2004
ABELL, ALISTAIR	BLONDE AND BLONDER	2007
ABELL, ALISTAIR	SUB ZERO	2005
ABELL, ALISTAIR	THE HOT KARL	2001
ABELL, ALISTAIR	ARE WE THERE YET?	2005
ABELL, TIM	SUNSET STRIP	1993
ABELL, TIM	HYBRID	1998
ABELL, TIM	SNOW WHITE: A DEADLY SUMMER	2012
ABELL, TIM	THE ESCORT III	1999
ABELL, TIM	RAPID ASSAULT	1997
ABELL, TIM	NIGHT SHADE	1996
ABELL, TIM	SUMMONED	2013
ABELL, TIM	ATTACK OF THE 60 FOOT CENTERFOLDS	1995
ABELL, TIM	OVER THE WIRE	1996
ABELL, TIM	VIVA LAS NOWHERE	2001
ABELL, TIM	CROSS	2011
ABELL, TIM	SOLDIERS OF FORTUNE	2012
ABELL, TIM	INSTINCT TO KILL	2001
ABELL, TIM	HATFIELDS AND MCCOYS: BAD BLOOD	2012
ABELL, TIM	AMERICAN BANDITS: FRANK AND JESSE JAMES	2010
ABELL, TIM	MASSEUSE	1996
ABELL, TIM	BLACK WIDOW ESCORT	1998
ABELL, TIM	THE CURSE OF THE KOMODO	2004
ABELL, TIM	THE BASE	1999
ABELL, TIM	ROAD TO THE OPEN	2014
ABELL, TIM	GARGOYLE	2004
ABELL, TIM	STRATEGIC COMMAND	1997
ABELL, TIM	THE MARKSMAN	2005
ABELL, TIM	SEXUAL ROULETTE	1996
ABELL, TIM	STEEL SHARKS	1997
ABELL, TIM	ACTIVE STEALTH	1999
ABELL, TIM	THE SUBSTITUTE: FAILURE IS NOT AN OPTION	2001
ABELL, TIM	INSIGHT	2011
ABELL, TIM	ON THE BLOCK	1990
ABELL, TIM	RAPTOR	2001
ABELL, TIM	DESERT THUNDER	1999
ABELL, TIM	SPECIAL FORCES	2003
ABELL, TIM	FUGITIVE RAGE	1996
ABELL, TIM	FATAL PASSION	1995
ABELL, TIM	MIRACLE AT SAGE CREEK	2005
ABELL, TIM	WE WERE SOLDIERS	2002
ABERCROMBIE, IAN	PUPPET MASTER III: TOULON'S REVENGE	1991
ABERCROMBIE, IAN	ARMY OF DARKNESS	1992
ABERCROMBIE, IAN	ZANDALEE	1991
ABERCROMBIE, IAN	INLAND EMPIRE	2006
ABERCROMBIE, IAN	ADDAMS FAMILY VALUES	1993
ABERCROMBIE, IAN	STAR WARS: THE CLONE WARS	2008
ABERCROMBIE, IAN	BIMBO MOVIE BASH	1997
ABERCROMBIE, IAN	RANGO	2011
ABERCROMBIE, IAN	GARFIELD: A TAIL OF TWO KITTIES	2006
ABERCROMBIE, IAN	MOUSEHUNT	1997
ABERCROMBIE, IAN	CHROMIUMBLUE.COM	2002
ABERCROMBIE, IAN	CHROMIUMBLUE.COM	2003
ABERCROMBIE, IAN	THE MOLLY MAGUIRES	1970
ABERCROMBIE, IAN	CLEAN SLATE	1994
ABERCROMBIE, IAN	MARILYN HOTCHKISS' BALLROOM DANCING & CHARM SCHOOL	2005
ABERCROMBIE, IAN	THE L.A. RIOT SPECTACULAR	2005
ABERCROMBIE, IAN	WILD WILD WEST	1999
ABERCROMBIE, IAN	THE PUBLIC EYE	1992
ABERCROMBIE, IAN	JACK FROST 2: REVENGE OF THE MUTANT KILLER SNOWMAN	2000
ABERCROMBIE, IAN	THE LOST WORLD: JURASSIC PARK	1997
ABERGEL, RAKEFET	JUST GO WITH IT	2011
ABERGEL, RAKEFET	SUPERBAD	2007
ABERGEL, RAKEFET	SHRINK	2009
ABERGEL, RAKEFET	THE CALL	2013
ABERGEL, RAKEFET	SHE'S ALL THAT	1999
ABERGEL, RAKEFET	MY BEST FRIEND'S GIRL	2008
ABERGEL, RAKEFET	KIDS IN AMERICA	2005
ABERGEL, RAKEFET	DRILLBIT TAYLOR	2008
ABERGEL, RAKEFET	THE KID & I	2005
ABERNATHY, DON	THIS CHRISTMAS	2007
ABERNATHY, DON	THE GOODS: LIVE HARD, SELL HARD	2009
ABERNATHY, DON	GET HIM TO THE GREEK	2010
ABERNATHY, DON	FIRST SUNDAY	2008
ABERNATHY, DON	SOMETHING LIKE A BUSINESS	2010
ABERNATHY, DON	I NOW PRONOUNCE YOU CHUCK & LARRY	2007
ABERNATHY, DON	REMARKABLE POWER	2008
ABERNATHY, DON	RUSH HOUR 3	2007
ABERNATHY, DON	NATIONAL TREASURE: BOOK OF SECRETS	2007
ABERNATHY, DON	MY NAME IS KHAN	2010
ABERNATHY, DON	EAGLE EYE	2008
ABERNATHY, DON	FAME	2009
ABERNATHY, DON	TROPIC THUNDER	2008
ABERNATHY, DON	SOLAR FLARE	2008
ABERNATHY, DON	NIGHT AT THE MUSEUM: BATTLE OF THE SMITHSONIAN	2009
ABERNATHY, DON	ENCHANTED	2007
ABERNATHY, DON	WHAT JUST HAPPENED	2008
ABERNATHY, DON	STATE OF PLAY	2009
ABERNATHY, DON	THE COMEBACKS	2007
ABERNATHY, DON	STEP BROTHERS	2008
ABERNATHY, DON	FRACTURE	2007
ABERNATHY, DON	EVILUTION	2008
ABERNATHY, DON	WALK HARD: THE DEWEY COX STORY	2007
ABERNATHY, DON	GET SMART	2008
ABERNATHY, DON	TAKEN	2008
ABERNATHY, DON	FORGETTING SARAH MARSHALL	2008
ABERNATHY, DON	THE EYE	2008
ABERNATHY, DON	FUNNY PEOPLE	2009
ABERNATHY, DON	CITIZEN JANE	2009
ABERNATHY, DON	THE BACK-UP PLAN	2010
ABERNATHY, DON	OUT ON PAROLE	2004
ABERNATHY, DON	PATHOLOGY	2008
ABERNATHY, DON	THE FALL	2008
ABERNATHY, DON	CLOVERFIELD	2008
ABERNATHY, DON	THE GIRL FROM THE NAKED EYE	2012
ABERNATHY, DON	THE SOLOIST	2009
ABERNATHY, DON	CHARLIE WILSON'S WAR	2007
ABERNATHY, DON	OCEAN'S THIRTEEN	2007
ABERNATHY, DON	MY SISTER'S KEEPER	2009
ABERNATHY, DON	HANCOCK	2008
ABERNATHY, DON	YES MAN	2008
ABERNATHY, DON	THE PERFECT GAME	2009
ABERNATHY, DON	THE HOTTIE & THE NOTTIE	2008
ABERNATHY, DON	SYMPATHY FOR DELICIOUS	2010
ABERNATHY, DONZALEIGH	DON KING: ONLY IN AMERICA	1997
ABERNATHY, DONZALEIGH	BAD ASS	2012
ABERNATHY, DONZALEIGH	MISS EVERS' BOYS	1997
ABERNATHY, DONZALEIGH	SIRENS	1993
ABERNATHY, DONZALEIGH	GODS AND GENERALS	2003
ABERNATHY, DONZALEIGH	LONE JUSTICE 2	1995
ABERNATHY, DONZALEIGH	RED RIDING HOOD	2006
ABERNATHY, DONZALEIGH	THE TEMPEST	1998
ABERNATHY, DONZALEIGH	WHITEWASH: THE CLARENCE BRANDLEY STORY	2002
ABERNATHY, DONZALEIGH	CAMP NOWHERE	1994
ABERNATHY, DONZALEIGH	GRILLED	2006
ABERNATHY, DONZALEIGH	NED BLESSING: THE STORY OF MY LIFE AND TIMES	1993
ABERNATHY, DONZALEIGH	LEPRECHAUN: BACK 2 THA HOOD	2003
ABERNATHY, DONZALEIGH	AWAKE TO DANGER	1995
ABERNATHY, LOUISA	THE JOB	2003
ABERNATHY, LOUISA	ENOUGH	2002
ABERNATHY, LOUISA	THE GARDENER	1998
ABERNATHY, LOUISA	YOU ARE HERE	2007
ABERNATHY, LOUISA	STREET SOLDIERS	1991
ABERNATHY, LOUISA	THE LADYKILLERS	2004
ABERNATHY, LOUISA	OUT TO SEA	1997
ABERNATHY, LOUISA	BOY TOY	2011
ABERNATHY, LOUISA	CB4	1993
ABERNATHY, LOUISA	WOMAN THOU ART LOOSED	2004
ABERNATHY, LOUISA	DANCE FLICK	2009
ABESAMIS, AMERICUS	LET'S BE COPS	2014
ABESAMIS, AMERICUS	FEEL THE NOISE	2007
ABESAMIS, AMERICUS	G.I. JOE: THE RISE OF COBRA	2009
ABESAMIS, AMERICUS	LITTLE BLACK BOOK	2004
ABESAMIS, AMERICUS	50 FIRST DATES	2004
ABESAMIS, AMERICUS	MASK OF THE NINJA	2008
ABESAMIS, AMERICUS	BALD	2008
ABESAMIS, AMERICUS	LITTLE BOY	2015
ABESAMIS, AMERICUS	MISS MARCH	2009
ABESAMIS, AMERICUS	JOE'S APARTMENT	1996
ABKARIAN, SIMON	ZERO DARK THIRTY	2012
ABKARIAN, SIMON	CHACUN CHERCHE SON CHAT	1996
ABKARIAN, SIMON	CASINO ROYALE	2006
ABKARIAN, SIMON	THE TRUTH ABOUT CHARLIE	2002
ABKARIAN, SIMON	ARARAT	2002
ABKARIAN, SIMON	YES	2004
ABKARIAN, SIMON	PERSEPOLIS	2007
ABKARIAN, SIMON	RENDITION	2007
ABLE, WHITNEY	FREE SAMPLES	2012
ABLE, WHITNEY	DEAD LENNY	2006
ABLE, WHITNEY	UNEARTHED	2007
ABLE, WHITNEY	REMARKABLE POWER	2008
ABLE, WHITNEY	THE KANE FILES: LIFE OF TRIAL	2010
ABLE, WHITNEY	MONSTERS	2010
ABLE, WHITNEY	STRAIGHT A'S	2013
ABLE, WHITNEY	TALES OF AN ANCIENT EMPIRE	2010
ABLE, WHITNEY	ALL THE BOYS LOVE MANDY LANE	2006
ABLE, WHITNEY	A WALK AMONG THE TOMBSTONES	2014
ABLE, WHITNEY	LOVE AND MARY	2007
ABRAHAM, F. MURRAY	SURVIVING THE GAME	1994
ABRAHAM, F. MURRAY	MIGHTY APHRODITE	1995
ABRAHAM, F. MURRAY	11 SETTEMBRE 1683	2012
ABRAHAM, F. MURRAY	L'INCHIESTA	2006
ABRAHAM, F. MURRAY	DILLINGER AND CAPONE	1995
ABRAHAM, F. MURRAY	CARNERA: THE WALKING MOUNTAIN	2008
ABRAHAM, F. MURRAY	AMADEUS	1984
ABRAHAM, F. MURRAY	DEAD MAN'S WALK	1996
ABRAHAM, F. MURRAY	ERUPTION	1997
ABRAHAM, F. MURRAY	A HOUSE DIVIDED	2008
ABRAHAM, F. MURRAY	NOSTRADAMUS	1994
ABRAHAM, F. MURRAY	THIR13EN GHOSTS	2001
ABRAHAM, F. MURRAY	MOBSTERS	1991
ABRAHAM, F. MURRAY	BY THE SWORD	1991
ABRAHAM, F. MURRAY	FRESH	1994
ABRAHAM, F. MURRAY	EXCELLENT CADAVERS	1999
ABRAHAM, F. MURRAY	MIMIC	1997
ABRAHAM, F. MURRAY	FINDING FORRESTER	2000
ABRAHAM, F. MURRAY	THE BRIDGE OF SAN LUIS REY	2004
ABRAHAM, F. MURRAY	STAR TREK: INSURRECTION	1998
ABRAHAM, F. MURRAY	LAST ACTION HERO	1993
ABRAHAM, F. MURRAY	LOOKING FOR RICHARD	1996
ABRAHAM, F. MURRAY	DEAD MAN DOWN	2013
ABRAHAM, F. MURRAY	THE GRAND BUDAPEST HOTEL	2014
ABRAHAM, F. MURRAY	INSIDE LLEWYN DAVIS	2013
ABRAHAM, F. MURRAY	BARBAROSSA	2009
ABRAHAM, F. MURRAY	LOADED WEAPON 1	1993
ABRAHAM, F. MURRAY	THE ALL NEW ADVENTURES OF LAUREL & HARDY IN 'FOR LOVE OR MUMMY'	1999
ABRAHAM, F. MURRAY	CHILDREN OF THE REVOLUTION	1996
ABRAHAM, F. MURRAY	THE BONFIRE OF THE VANITIES	1990
ABRAHAM, F. MURRAY	BABY FACE NELSON	1996
ABRAHAM, FALCONER	DOWN CAME A BLACKBIRD	1995
ABRAHAM, FALCONER	THE LEGEND OF GATOR FACE	1996
ABRAHAM, FALCONER	THE DONOR	1995
ABRAHAM, FALCONER	RUDE	1995
ABRAHAM, FALCONER	THE AIR UP THERE	1994
ABRAHAM, FALCONER	NO CONTEST II	1997
ABRAHAM, FALCONER	THE DEFENDERS: CHOICE OF EVILS	1998
ABRAHAM, FALCONER	FIRST DEGREE	1995
ABRAHAM, FALCONER	JOHNNY MNEMONIC	1995
ABRAHAMS, DOUG	SCARY MOVIE 4	2006
ABRAHAMS, DOUG	KILLERS IN THE HOUSE	1998
ABRAHAMS, DOUG	FLICKA 2	2010
ABRAHAMS, DOUG	SUPERMAN RETURNS	2006
ABRAHAMS, DOUG	A COOLER CLIMATE	1999
ABRAHAMS, DOUG	FIDO	2006
ABRAHAMS, DOUG	ESCAPE FROM PLANET EARTH	2013
ABRAHAMS, DOUG	MIGHTY MIGHTY MONSTERS IN NEW FEARS EVE	2013
ABRAHAMS, DOUG	DISTURBING BEHAVIOR	1998
ABRAHAMS, DOUG	THE RANCH	2004
ABRAHAMS, DOUG	TITANIC	1996
ABRAHAMS, DOUG	POLTERGEIST: THE LEGACY	1996
ABRAHAMS, DOUG	BIG BULLY	1996
ABRAHAMS, DOUG	THE CRUSH	1993
ABRAHAMS, DOUG	DIARY OF A WIMPY KID: DOG DAYS	2012
ABRAHAMS, DOUG	MIGHTY MIGHTY MONSTERS IN HALLOWEEN HAVOC	2013
ABRAHAMS, DOUG	MAN OF STEEL	2013
ABRAHAMS, DOUG	PREMONITION	2005
ABRAHAMS, DOUG	FANTASTIC FOUR	2005
ABRAHAMS, DOUG	THE DEAD ZONE	2002
ABRAHAMS, DOUG	IGNITION	2002
ABRAHAMS, DOUG	DEADLOCKED: ESCAPE FROM ZONE 14	1995
ABRAHAMS, DOUG	MY HUSBAND'S SECRET LIFE	1998
ABRAHAMS, DOUG	SNAKEHEAD TERROR	2004
ABRAHAMS, DOUG	MAXIMUM SURGE	2003
ABRAHAMS, DOUG	3000 MILES TO GRACELAND	2001
ABRAHAMS, DOUG	HOT ROD	2007
ABRAHAMS, DOUG	HOW TO KILL YOUR NEIGHBOR'S DOG	2000
ABRAHAMS, DOUG	LIKE MIKE 2: STREETBALL	2006
ABRAHAMS, DOUG	THE HOT KARL	2001
ABRAHAMS, DOUG	SOMEONE TO DIE FOR	1995
ABRAHAMS, DOUG	THE AMAZING PANDA ADVENTURE	1995
ABRAHAMS, JON (I)	PRIME	2005
ABRAHAMS, JON (I)	NOT SINCE YOU	2009
ABRAHAMS, JON (I)	THEY	2002
ABRAHAMS, JON (I)	HOUSE OF WAX	2005
ABRAHAMS, JON (I)	DECEIT	2006
ABRAHAMS, JON (I)	BOILER ROOM	2000
ABRAHAMS, JON (I)	NON-STOP	2014
ABRAHAMS, JON (I)	DEAD MAN WALKING	1995
ABRAHAMS, JON (I)	MY BOSS'S DAUGHTER	2003
ABRAHAMS, JON (I)	BRINGING OUT THE DEAD	1999
ABRAHAMS, JON (I)	MEET THE PARENTS	2000
ABRAHAMS, JON (I)	THE PENTHOUSE	2010
ABRAHAMS, JON (I)	HITCHCOCK	2012
ABRAHAMS, JON (I)	SCARY MOVIE	2000
ABRAHAMS, JON (I)	OUTSIDE PROVIDENCE	1999
ABRAHAMS, JON (I)	MASTERMINDS	1997
ABRAHAMS, JON (I)	BOTTOMS UP	2006
ABRAHAMS, JON (I)	SCENES OF THE CRIME	2001
ABRAHAMS, JON (I)	GARDENER OF EDEN	2007
ABRAHAMS, JON (I)	STANDING STILL	2005
ABRAHAMS, JON (I)	TEXAS RANGERS	2001
ABRAHAMS, JON (I)	THE FACULTY	1998
ABRAHAMS, JON (I)	COME BACK TO ME	2014
ABRAMS, AARON	TAKE THIS WALTZ	2011
ABRAMS, AARON	THE IN-LAWS	2003
ABRAMS, AARON	RESIDENT EVIL: APOCALYPSE	2004
ABRAMS, AARON	SIBLINGS	2004
ABRAMS, AARON	CINDERELLA MAN	2005
ABRAMS, AARON	AMELIA	2009
ABRAMS, AARON	ZOOM	2006
ABRAMS, AARON	FIREHOUSE DOG	2007
ABRAMS, AARON	JESUS HENRY CHRIST	2012
ABRAMS, AARON	FLASH OF GENIUS	2008
ABRAMS, AARON	THE VISUAL BIBLE: THE GOSPEL OF JOHN	2003
ABRAMS, AARON	CYBORG SOLDIER	2008
ABRAMS, PATSY GRADY	HEAD OF STATE	2003
ABRAMS, PATSY GRADY	LIBERTY HEIGHTS	1999
ABRAMS, PATSY GRADY	FIRST KID	1996
ABRAMS, PATSY GRADY	SERIAL MOM	1994
ABRAMS, PATSY GRADY	A DIRTY SHAME	2004
ABRAMS, PATSY GRADY	PECKER	1998
ABRAMS, PATSY GRADY	ENEMY OF THE STATE	1998
ABRAMS, PATSY GRADY	CECIL B. DEMENTED	2000
ABRELL, BRAD	THE GOOD LIFE	2007
ABRELL, BRAD	NOW YOU SEE ME	2013
ABRELL, BRAD	DELGO	2008
ABRELL, BRAD	MEN IN BLACK II	2002
ABRELL, BRAD	THE SPONGEBOB SQUAREPANTS MOVIE	2004
ABRELL, BRAD	JUWANNA MANN	2002
ABRELL, BRAD	MEN IN BLACK	1997
ABRELL, BRAD	MEN IN BLACK 3	2012
ABROMEIT, SUSIE	I HOPE THEY SERVE BEER IN HELL	2009
ABROMEIT, SUSIE	CROSS	2011
ABROMEIT, SUSIE	AMBUSHED	2013
ABROMEIT, SUSIE	SNAKE AND MONGOOSE	2013
ABROMEIT, SUSIE	SEX DRIVE	2008
ABROMEIT, SUSIE	BEATDOWN	2010
ABROMEIT, SUSIE	16-LOVE	2012
ABROMEIT, SUSIE	SETUP	2011
ABROMEIT, SUSIE	BATTLE LOS ANGELES	2011
ABROMEIT, SUSIE	SYDNEY WHITE	2007
ABROMEIT, SUSIE	KNOW THY ENEMY	2009
ABTAHI, OMID	THE LAST LULLABY	2008
ABTAHI, OMID	RUNNING WITH SCISSORS	2006
ABTAHI, OMID	SPACE CHIMPS 2: ZARTOG STRIKES BACK	2010
ABTAHI, OMID	ARGO	2012
ABTAHI, OMID	OCEAN OF PEARLS	2008
ABTAHI, OMID	STAR WARS: THE CLONE WARS	2008
ABTAHI, OMID	REVOLUTION	2012
ABTAHI, OMID	BROTHERS	2009
ABTAHI, OMID	BOYS OF ABU GHRAIB	2014
ABUR, IOANA	ADAM RESURRECTED	2008
ABUR, IOANA	MIRRORS	2008
ABUR, IOANA	SUBSPECIES 4: BLOODSTORM	1998
ABUR, IOANA	SHERLOCK	2002
ABUR, IOANA	GHOULS	2008
ABUR, IOANA	THE HALF LIFE OF TIMOFEY BEREZIN	2006
ABUR, IOANA	WEREWOLF: THE BEAST AMONG US	2012
ABUR, IOANA	HELLRAISER: DEADER	2005
ABUR, IOANA	WALKING WITH THE ENEMY	2013
ACEVEDO, KIRK	COLLISION EARTH	2011
ACEVEDO, KIRK	5UP 2DOWN	2006
ACEVEDO, KIRK	IN THE WEEDS	2000
ACEVEDO, KIRK	THE THIN RED LINE	1998
ACEVEDO, KIRK	BOILER ROOM	2000
ACEVEDO, KIRK	INVINCIBLE	2006
ACEVEDO, KIRK	THE VISIT	2000
ACEVEDO, KIRK	PARADISE	2004
ACEVEDO, KIRK	DINNER RUSH	2000
ACEVEDO, KIRK	DAWN OF THE PLANET OF THE APES	2014
ACEVEDO, KIRK	THE NEW WORLD	2005
ACEVEDO, KIRK	BAIT	2000
ACHESON, MARK	SPYMATE	2006
ACHESON, MARK	TRUE HEART	1997
ACHESON, MARK	EXCEPTION TO THE RULE	1997
ACHESON, MARK	THE PROPOSAL	2001
ACHESON, MARK	WATCHMEN	2009
ACHESON, MARK	KILLER	1994
ACHESON, MARK	CONVICT COWBOY	1995
ACHESON, MARK	THE PRISONER OF ZENDA, INC.	1996
ACHESON, MARK	POLTERGEIST: THE LEGACY	1996
ACHESON, MARK	THE 13TH WARRIOR	1999
ACHESON, MARK	THE DEAD ZONE	2002
ACHESON, MARK	STRANGE FREQUENCY 2	2003
ACHESON, MARK	THE CRUSH	1993
ACHESON, MARK	DEAD HEAT	2002
ACHESON, MARK	ALONE IN THE DARK	2005
ACHESON, MARK	HULK VS.	2009
ACHESON, MARK	MAGIC IN THE WATER	1995
ACHESON, MARK	NUMB	2007
ACHESON, MARK	ELF	2003
ACHESON, MARK	SCREWED	2000
ACHESON, MARK	THE CHRONICLES OF RIDDICK	2004
ACHESON, MARK	REINDEER GAMES	2000
ACHESON, MARK	DAD'S WEEK OFF	1997
ACHESON, MARK	3000 MILES TO GRACELAND	2001
ACHESON, MARK	I'LL BE HOME FOR CHRISTMAS	1998
ACHESON, MARK	SHE'S THE MAN	2006
ACHESON, MARK	TRIXIE	2000
ACHESON, MARK	STRANGE FREQUENCY	2001
ACHESON, MARK	LOOK WHO'S TALKING NOW	1993
ACHESON, MARK	HOT ROD	2007
ACKERMAN, ED (II)	REMARKABLE POWER	2008
ACKERMAN, ED (II)	FROZEN	2010
ACKERMAN, ED (II)	THE CHANGE-UP	2011
ACKERMAN, ED (II)	THE FLOCK	2007
ACKERMAN, ED (II)	HATCHET II	2010
ACKERMAN, ED (II)	17 AGAIN	2009
ACKERMAN, ED (II)	TABLE FOR THREE	2009
ACKERMAN, ED (II)	JENNY'S WEDDING	2015
ACKERMAN, FORREST J	SKINNED DEEP	2004
ACKERMAN, FORREST J	ATTACK OF THE 60 FOOT CENTERFOLDS	1995
ACKERMAN, FORREST J	BRAINDEAD	1992
ACKERMAN, FORREST J	BIKINI DRIVE-IN	1995
ACKERMAN, FORREST J	BEVERLY HILLS COP III	1994
ACKERMAN, FORREST J	VAMPIRELLA	1996
ACKERMAN, FORREST J	RINGERS: LORD OF THE FANS	2005
ACKERMAN, FORREST J	THE DEAD UNDEAD	2010
ACKERMAN, FORREST J	INNOCENT BLOOD	1992
ACKLAND, JOSS	FLAWLESS	2007
ACKLAND, JOSS	THE OBJECT OF BEAUTY	1991
ACKLAND, JOSS	DEADLY VOYAGE	1996
ACKLAND, JOSS	TO THE ENDS OF TIME	1996
ACKLAND, JOSS	D3: THE MIGHTY DUCKS	1996
ACKLAND, JOSS	FIRELIGHT	1997
ACKLAND, JOSS	THE MIGHTY DUCKS	1992
ACKLAND, JOSS	A WOMAN NAMED JACKIE	1991
ACKLAND, JOSS	SURVIVING PICASSO	1996
ACKLAND, JOSS	SWEPT FROM THE SEA	1997
ACKLAND, JOSS	MIRACLE ON 34TH STREET	1994
ACKLAND, JOSS	CITIZEN X	1995
ACKLAND, JOSS	A KID IN KING ARTHUR'S COURT	1995
ACKLAND, JOSS	MOSCOW ZERO	2006
ACKLAND, JOSS	PASSION OF MIND	2000
ACKLAND, JOSS	NOWHERE TO RUN	1993
ACKLAND, JOSS	MOTHER'S BOYS	1994
ACKLAND, JOSS	NO GOOD DEED	2002
ACKLAND, JOSS	SHADOWCHASER	1992
ACKLAND, JOSS	A DIFFERENT LOYALTY	2004
ACKLAND, JOSS	MY GIANT	1998
ACKLAND, JOSS	KATHERINE OF ALEXANDRIA	2014
ACKLAND, JOSS	I'LL BE THERE	2003
ACKLAND, JOSS	ASYLUM	2005
ACKLAND, JOSS	K-19: THE WIDOWMAKER	2002
ACKLAND, JOSS	MAD DOGS AND ENGLISHMEN	1995
ACKLAND, JOSS	THE HOUSE THAT DRIPPED BLOOD	1971
ACKLES, DANNEEL	FRIENDS WITH BENEFITS	2011
ACKLES, DANNEEL	A VERY HAROLD & KUMAR 3D CHRISTMAS	2011
ACKLES, DANNEEL	EXTREME MOVIE	2008
ACKLES, DANNEEL	FIRED UP!	2009
ACKLES, DANNEEL	HAROLD & KUMAR ESCAPE FROM GUANTANAMO BAY	2008
ACKLES, DANNEEL	STILL WAITING...	2009
ACKLES, DANNEEL	MARDI GRAS: SPRING BREAK	2011
ACKLES, DANNEEL	THE BACK-UP PLAN	2010
ACKLES, DANNEEL	TEN INCH HERO	2007
ACOSTA, MONICA (I)	MIRRORS 2	2010
ACOSTA, MONICA (I)	DRAGON EYES	2012
ACOSTA, MONICA (I)	WRONG SIDE OF TOWN	2010
ACOSTA, MONICA (I)	THE HAUNTING IN CONNECTICUT 2: GHOSTS OF GEORGIA	2013
ACOSTA, MONICA (I)	MIGHTY FINE	2012
ACOSTA, MONICA (I)	MONSTERWOLF	2010
ACOSTA, MONICA (I)	TICKING CLOCK	2011
ACOSTA, MONICA (I)	ARENA	2011
ACOSTA, MONICA (I)	THE LEDGE	2011
ACOSTA, MONICA (I)	SCREAM OF THE BANSHEE	2011
ACOSTA, MONICA (I)	THE DOOR	2013
ACOSTA, MONICA (I)	BURNING PALMS	2010
ACOSTA, MONICA (I)	SEEKING JUSTICE	2011
ACOSTA, MONICA (I)	SECONDS APART	2011
ACOSTA, MONICA (I)	TRANSIT	2012
ACOSTA, MONICA (I)	A LITTLE BIT OF HEAVEN	2011
ACOSTA, MONICA (I)	MY OWN LOVE SONG	2010
ACOSTA, MONICA (I)	LOVE, WEDDING, MARRIAGE	2011
ACOVONE, JAY	TIME UNDER FIRE	1997
ACOVONE, JAY	CRIME OF THE CENTURY	1996
ACOVONE, JAY	CROSSCUT	1996
ACOVONE, JAY	FOXFIRE	1996
ACOVONE, JAY	STEPFATHER III	1992
ACOVONE, JAY	CRASH DIVE	1997
ACOVONE, JAY	THE HILLS HAVE EYES II	2007
ACOVONE, JAY	WORLD TRADE CENTER	2006
ACOVONE, JAY	TERMINATOR 3: RISE OF THE MACHINES	2003
ACOVONE, JAY	MOLLY	1999
ACOVONE, JAY	INDEPENDENCE DAY	1996
ACOVONE, JAY	OUT FOR JUSTICE	1991
ACOVONE, JAY	THE AMATI GIRLS	2000
ACOVONE, JAY	S.W.A.T.	2003
ACOVONE, JAY	RED SHOE DIARIES	1992
ACOVONE, JAY	RED SHOE DIARIES 15: FORBIDDEN ZONE	2002
ACOVONE, JAY	RANCID	2004
ACOVONE, JAY	CROCODILE DUNDEE IN LOS ANGELES	2001
ACOVONE, JAY	OPPOSITE CORNERS	1997
ACOVONE, JAY	MOBSTERS AND MORMONS	2005
ACOVONE, JAY	CAST AWAY	2000
ACOVONE, JAY	THE PEACEMAKER	1997
ACOVONE, JAY	COLLATERAL DAMAGE	2002
ACOVONE, JAY	LOOKIN' ITALIAN	1994
ACRES, AVA	THE DEVIL'S IN THE DETAILS	2013
ACRES, AVA	FROZEN	2013
ACRES, AVA	JOBS	2013
ACRES, AVA	PENGUINS OF MADAGASCAR	2014
ACRES, AVA	HAPPY FEET TWO	2011
ACRES, AVA	WHITE BIRD IN A BLIZZARD	2014
ACRES, AVA	WRECK-IT RALPH	2012
ACRES, AVA	DESPICABLE ME 2	2013
ACUÒA, JASON 'WEE MAN'	GRIND	2003
ACUÒA, JASON 'WEE MAN'	JACKASS 3D	2010
ACUÒA, JASON 'WEE MAN'	DEATH TO THE SUPERMODELS	2005
ACUÒA, JASON 'WEE MAN'	JACKASS: THE MOVIE	2002
ACUÒA, JASON 'WEE MAN'	TV: THE MOVIE	2006
ACUÒA, JASON 'WEE MAN'	JACKASS 3.5	2011
ACUÒA, JASON 'WEE MAN'	JACKASS NUMBER TWO	2006
ACUÒA, JASON 'WEE MAN'	BEHAVING BADLY	2014
ADACHI, LEANNE	STORM CELL	2008
ADACHI, LEANNE	SHOCK TO THE SYSTEM	2006
ADACHI, LEANNE	BLOODSUCKERS	2005
ADACHI, LEANNE	SEVERED	2005
ADACHI, LEANNE	DEEP RISING	1998
ADACHI, LEANNE	THE FINAL CUT	2004
ADACHI, LEANNE	LUCKY 7	2003
ADACHI, LEANNE	THE DAY THE EARTH STOOD STILL	2008
ADACHI, LEANNE	THE DEAD ZONE	2002
ADACHI, LEANNE	THE INVISIBLE	2007
ADAIR-RIOS, MARK	STEALTH FIGHTER	1999
ADAIR-RIOS, MARK	CANDYMAN: DAY OF THE DEAD	1999
ADAIR-RIOS, MARK	FLYING VIRUS	2001
ADAIR-RIOS, MARK	COURAGE UNDER FIRE	1996
ADAIR-RIOS, MARK	INTERCEPTORS	1999
ADAIR-RIOS, MARK	THE PANDORA PROJECT	1998
ADAIR-RIOS, MARK	FOOLS RUSH IN	1997
ADAIR-RIOS, MARK	BRUCE ALMIGHTY	2003
ADAIR-RIOS, MARK	ALONG CAME POLLY	2004
ADAIR-RIOS, MARK	ENCINO MAN	1992
ADAIR-RIOS, MARK	BALLS TO THE WALL	2011
ADAIR-RIOS, MARK	SPEED 2: CRUISE CONTROL	1997
ADAIR-RIOS, MARK	UNSTABLE FABLES: 3 PIGS & A BABY	2008
ADAIR-RIOS, MARK	CROCODILE DUNDEE IN LOS ANGELES	2001
ADAIR-RIOS, MARK	BLAZE YOU OUT	2013
ADAIR-RIOS, MARK	AMERICAN VIRGIN	1999
ADAIR-RIOS, MARK	THICK AS THIEVES	1999
ADAIR-RIOS, MARK	DOCTOR DOLITTLE	1998
ADAIR-RIOS, MARK	STIGMATA	1999
ADAM, MARK (III)	GLORY ROAD	2006
ADAM, MARK (III)	FOR SALE BY OWNER	2009
ADAM, MARK (III)	WELCOME TO THE RILEYS	2010
ADAM, MARK (III)	TEXAS KILLING FIELDS	2011
ADAM, MARK (III)	ALABAMA MOON	2009
ADAM, MARK (III)	2 GUNS	2013
ADAM, MARK (III)	THE FAMILY THAT PREYS	2008
ADAM, MARK (III)	SHOOTING GALLERY	2005
ADAMS, AMY (III)	THE LAST RUN	2004
ADAMS, AMY (III)	TENACIOUS D IN THE PICK OF DESTINY	2006
ADAMS, AMY (III)	JUNEBUG	2005
ADAMS, AMY (III)	THE MUPPETS	2011
ADAMS, AMY (III)	ENCHANTED	2007
ADAMS, AMY (III)	CHARLIE WILSON'S WAR	2007
ADAMS, AMY (III)	PUMPKIN	2002
ADAMS, AMY (III)	NIGHT AT THE MUSEUM: BATTLE OF THE SMITHSONIAN	2009
ADAMS, AMY (III)	LEAP YEAR	2010
ADAMS, AMY (III)	ON THE ROAD	2012
ADAMS, AMY (III)	SERVING SARA	2002
ADAMS, AMY (III)	MOONLIGHT SERENADE	2009
ADAMS, AMY (III)	TROUBLE WITH THE CURVE	2012
ADAMS, AMY (III)	DROP DEAD GORGEOUS	1999
ADAMS, AMY (III)	MISS PETTIGREW LIVES FOR A DAY	2008
ADAMS, AMY (III)	TALLADEGA NIGHTS: THE BALLAD OF RICKY BOBBY	2006
ADAMS, AMY (III)	MAN OF STEEL	2013
ADAMS, AMY (III)	CATCH ME IF YOU CAN	2002
ADAMS, AMY (III)	THE FIGHTER	2010
ADAMS, AMY (III)	DOUBT	2008
ADAMS, AMY (III)	THE WEDDING DATE	2005
ADAMS, AMY (III)	BIG EYES	2014
ADAMS, AMY (III)	LOVE & DISTRUST	2010
ADAMS, AMY (III)	LULLABY	2014
ADAMS, AMY (III)	JULIE & JULIA	2009
ADAMS, AMY (III)	THE SLAUGHTER RULE	2002
ADAMS, AMY (III)	UNDERDOG	2007
ADAMS, AMY (III)	AMERICAN HUSTLE	2013
ADAMS, AMY (III)	THE MASTER	2012
ADAMS, AMY (III)	SUNSHINE CLEANING	2008
ADAMS, AMY (III)	HER	2013
ADAMS, AMY (III)	CRUEL INTENTIONS 2	2000
ADAMS, AMY (III)	STANDING STILL	2005
ADAMS, BLAKE (I)	SHADES OF GRAY	1997
ADAMS, BLAKE (I)	THE KILLER EYE	1999
ADAMS, BLAKE (I)	LIVE NUDE GIRLS	1995
ADAMS, BLAKE (I)	BELIEVE	2007
ADAMS, BLAKE (I)	SIREN'S KISS	1995
ADAMS, BLAKE (I)	HEAD OF THE FAMILY	1996
ADAMS, BLAKE (I)	LURKING FEAR	1994
ADAMS, BLAKE (I)	STAY COOL	2009
ADAMS, BROOKE (I)	AMERICAN PLAYHOUSE	1981
ADAMS, BROOKE (I)	SOMETIMES THEY COME BACK	1991
ADAMS, BROOKE (I)	THE ACCIDENTAL HUSBAND	2008
ADAMS, BROOKE (I)	PROBABLE CAUSE	1994
ADAMS, BROOKE (I)	THE LEGEND OF LUCY KEYES	2005
ADAMS, BROOKE (I)	MURDERS IN THE RUE MORGUE	1971
ADAMS, BROOKE (I)	AT LAST	2005
ADAMS, BROOKE (I)	THE UNBORN	1991
ADAMS, BROOKE (I)	THE BABY-SITTERS CLUB	1995
ADAMS, BROOKE (I)	MADE-UP	2002
ADAMS, ENID-RAYE	A GUY THING	2003
ADAMS, ENID-RAYE	FOR THE MOMENT	1993
ADAMS, ENID-RAYE	PURSUED	2004
ADAMS, ENID-RAYE	THE DEAD ZONE	2002
ADAMS, ENID-RAYE	UNDERCOVER BROTHER	2002
ADAMS, ENID-RAYE	LIKE MIKE 2: STREETBALL	2006
ADAMS, ENID-RAYE	FINAL DESTINATION 2	2003
ADAMS, ENID-RAYE	SLAP SHOT 2: BREAKING THE ICE	2002
ADAMS, JANE (II)	ORANGE COUNTY	2002
ADAMS, JANE (II)	A FISH IN THE BATHTUB	1999
ADAMS, JANE (II)	ETERNAL SUNSHINE OF THE SPOTLESS MIND	2004
ADAMS, JANE (II)	THE LIE	2011
ADAMS, JANE (II)	SONGCATCHER	2000
ADAMS, JANE (II)	THE WACKNESS	2008
ADAMS, JANE (II)	MUSIC FROM ANOTHER ROOM	1998
ADAMS, JANE (II)	A TEXAS FUNERAL	1999
ADAMS, JANE (II)	THE BRAVE ONE	2007
ADAMS, JANE (II)	MUMFORD	1999
ADAMS, JANE (II)	YOU'VE GOT MAIL	1998
ADAMS, JANE (II)	LIGHT SLEEPER	1992
ADAMS, JANE (II)	THE SENSATION OF SIGHT	2006
ADAMS, JANE (II)	I LOVE TROUBLE	1994
ADAMS, JANE (II)	KANSAS CITY	1996
ADAMS, JANE (II)	LITTLE CHILDREN	2006
ADAMS, JANE (II)	THE ANNIVERSARY PARTY	2001
ADAMS, JANE (II)	CALVIN MARSHALL	2009
ADAMS, JANE (II)	MRS. PARKER AND THE VICIOUS CIRCLE	1994
ADAMS, JANE (II)	LAST HOLIDAY	2006
ADAMS, JANE (II)	STONE COLD	2005
ADAMS, JANE (II)	LEMONY SNICKET'S A SERIES OF UNFORTUNATE EVENTS	2004
ADAMS, JANE (II)	SEARCHING FOR DEBRA WINGER	2002
ADAMS, JANE (II)	POLTERGEIST	2015
ADAMS, JANE (II)	WONDER BOYS	2000
ADAMS, JANE (II)	RESTLESS	2011
ADAMS, JANE (II)	FATHER OF THE BRIDE PART II	1995
ADAMS, JOEY LAUREN	HARVARD MAN	2001
ADAMS, JOEY LAUREN	ENDURE	2010
ADAMS, JOEY LAUREN	S.F.W.	1994
ADAMS, JOEY LAUREN	BLUE CAPRICE	2013
ADAMS, JOEY LAUREN	ABBY IN THE SUMMER	2014
ADAMS, JOEY LAUREN	THE BIG EMPTY	2003
ADAMS, JOEY LAUREN	BEAUTIFUL	2000
ADAMS, JOEY LAUREN	THE PROGRAM	1993
ADAMS, JOEY LAUREN	BIO-DOME	1996
ADAMS, JOEY LAUREN	A COOL, DRY PLACE	1998
ADAMS, JOEY LAUREN	SLEEP WITH ME	1994
ADAMS, JOEY LAUREN	APART	2011
ADAMS, JOEY LAUREN	BUNNY WHIPPED	2007
ADAMS, JOEY LAUREN	DAZED AND CONFUSED	1993
ADAMS, JOEY LAUREN	MICHAEL	1996
ADAMS, JOEY LAUREN	TRUCKER	2008
ADAMS, JOEY LAUREN	TWO NIGHT STAND	2014
ADAMS, JOEY LAUREN	DR. DOLITTLE 2	2001
ADAMS, JOEY LAUREN	BIG DADDY	1999
ADAMS, JOEY LAUREN	MALLRATS	1995
ADAMS, JOEY LAUREN	THE GUNMAN	2004
ADAMS, JOEY LAUREN	CHASING AMY	1997
ADAMS, JOEY LAUREN	A COUNTRY CHRISTMAS	2013
ADAMS, JOEY LAUREN	JAY AND SILENT BOB STRIKE BACK	2001
ADAMS, JOEY LAUREN	BEEPER	2002
ADAMS, JOEY LAUREN	BRUNO	2000
ADAMS, JOEY LAUREN	ON THE EDGE	2001
ADAMS, JOEY LAUREN	IN THE SHADOWS	2001
ADAMS, JOEY LAUREN	CONEHEADS	1993
ADAMS, JOEY LAUREN	THE BREAK-UP	2006
ADAMS, JULIA (I)	KNUCKLEHEAD	2010
ADAMS, JULIA (I)	FIRE WITH FIRE	2012
ADAMS, JULIA (I)	UNTIL DEATH	2007
ADAMS, JULIA (I)	KILLER JOE	2011
ADAMS, JULIA (I)	THE CAMPAIGN	2012
ADAMS, JULIA (I)	LEONIE	2010
ADAMS, JULIA (I)	SEEKING JUSTICE	2011
ADAMS, JULIA (I)	DEJA VU	2006
ADAMS, JULIA (I)	KILLING THEM SOFTLY	2012
ADAMS, JULIA (I)	12 ROUNDS	2009
ADAMS, LILLIAN	LITTLE NICKY	2000
ADAMS, LILLIAN	TIM AND ERIC'S BILLION DOLLAR MOVIE	2012
ADAMS, LILLIAN	THE SWEETEST THING	2002
ADAMS, LILLIAN	BRUCE ALMIGHTY	2003
ADAMS, LILLIAN	MAGNOLIA	1999
ADAMS, LILLIAN	BAR STARZ	2008
ADAMS, LILLIAN	TANNER HALL	2009
ADAMS, LILLIAN	ANYWHERE BUT HERE	1999
ADAMS, LILLIAN	FOREIGN CORRESPONDENTS	1999
ADAMS, LILLIAN	KISS THE BRIDE	2002
ADAMS, LILLIAN	MIKE HAMMER, PRIVATE EYE	1997
ADAMS, LILLIAN	THE TV SET	2006
ADAMS, LILLIAN	UNSTRUNG HEROES	1995
ADAMS, LILLIAN	ATTENTION SHOPPERS	2000
ADAMS, LILLIAN	LOVE FOR RENT	2005
ADAMS, LLOYD (I)	X-MEN: THE LAST STAND	2006
ADAMS, LLOYD (I)	IN THE COMPANY OF SPIES	1999
ADAMS, LLOYD (I)	ELYSIUM	2013
ADAMS, LLOYD (I)	UNIVERSAL SOLDIER III: UNFINISHED BUSINESS	1999
ADAMS, LLOYD (I)	THE PLANET OF JUNIOR BROWN	1997
ADAMS, LLOYD (I)	FUTURESPORT	1998
ADAMS, LLOYD (I)	NARC	2002
ADAMS, LLOYD (I)	ICARUS	2010
ADAMS, LLOYD (I)	PAPERTRAIL	1998
ADAMS, LLOYD (I)	HUNT TO KILL	2010
ADAMS, LLOYD (I)	OPEN SEASON	1995
ADAMS, LLOYD (I)	NEW BLOOD	2000
ADAMS, LLOYD (I)	WRECKED	2010
ADAMS, LLOYD (I)	CARACARA	1999
ADAMS, LLOYD (I)	THE DAY THE EARTH STOOD STILL	2008
ADAMS, LLOYD (I)	THE TRUTH	2012
ADAMS, LLOYD (I)	METALLICA THROUGH THE NEVER	2013
ADAMS, LLOYD (I)	BOUNTY HUNTERS	1996
ADAMS, LLOYD (I)	ONE TOUGH COP	1998
ADAMS, LLOYD (I)	IN TOO DEEP	1999
ADAMS, LLOYD (I)	BULLETPROOF MONK	2003
ADAMS, LYNNE (I)	REQUIEM FOR MURDER	1999
ADAMS, LYNNE (I)	FRANKENSTEIN AND ME	1996
ADAMS, LYNNE (I)	DEAD INNOCENT	1997
ADAMS, LYNNE (I)	SIRENS	1993
ADAMS, LYNNE (I)	CHASING HOLDEN	2003
ADAMS, LYNNE (I)	SI J'ÈTAIS TOI	2007
ADAMS, LYNNE (I)	HIDDEN AGENDA	2001
ADAMS, LYNNE (I)	THE CALL OF THE WILD: DOG OF THE YUKON	1997
ADAMS, LYNNE (I)	CRUISING BAR	1989
ADAMS, LYNNE (I)	DEAD END	1998
ADAMS, LYNNE (I)	HABITAT	1997
ADAMS, LYNNE (I)	THE WITNESS FILES	1999
ADAMS, LYNNE (I)	HIROSHIMA	1995
ADAMS, LYNNE (I)	THE ULTIMATE WEAPON	1998
ADAMS, LYNNE (I)	JOHNNY MNEMONIC	1995
ADAMS, LYNNE (I)	NOEL	2004
ADAMS, LYNNE (I)	AIRSPEED	1999
ADAMS, LYNNE (I)	SHATTERED GLASS	2003
ADAMS, LYNNE (I)	TIMELINE	2003
ADAMS, MASON (I)	HOUSEGUEST	1995
ADAMS, MASON (I)	AMERICAN PLAYHOUSE	1981
ADAMS, MASON (I)	SON IN LAW	1993
ADAMS, MASON (I)	TOUCH	1997
ADAMS, MASON (I)	TOY SOLDIERS	1991
ADAMS, MASON (I)	THE LESSER EVIL	1998
ADAMS, MASON (I)	NOT OF THIS EARTH	1995
ADAMS, MASON (I)	SCREENPLAY	1986
ADAMS, STEVE (I)	THE SECOND ARRIVAL	1998
ADAMS, STEVE (I)	CHASING HOLDEN	2003
ADAMS, STEVE (I)	DEAD SILENCE	2007
ADAMS, STEVE (I)	THE PERFECT HUSBAND	2004
ADAMS, STEVE (I)	CONFESSIONS OF A DANGEROUS MIND	2002
ADAMS, STEVE (I)	DEAD AWAKE	2001
ADAMS, STEVE (I)	DEVOTION	1995
ADAMS, STEVE (I)	HOME TEAM	1998
ADAMS, STEVE (I)	PRESSURE POINT	2001
ADAMS, STEVE (I)	THE BONE COLLECTOR	1999
ADAMS, STEVE (I)	THUNDER POINT	1998
ADAMS, STEVE (I)	THE BLUE BUTTERFLY	2004
ADAMS, STEVE (I)	THE DEAD ZONE	2002
ADAMS, STEVE (I)	THE CALL OF THE WILD: DOG OF THE YUKON	1997
ADAMS, STEVE (I)	SAVAGE MESSIAH	2002
ADAMS, STEVE (I)	FOR HIRE	1998
ADAMS, STEVE (I)	THE AUDREY HEPBURN STORY	2000
ADAMS, STEVE (I)	THE ROCKER	2008
ADAMS, STEVE (I)	STARDOM	2000
ADAMS, STEVE (I)	ORDEAL IN THE ARCTIC	1993
ADAMS, STEVE (I)	WRONG NUMBER	2002
ADAMS, STEVE (I)	STAY TUNED	1992
ADAMS, STEVE (I)	KART RACER	2003
ADAMS, STEVE (I)	AFFLICTION	1997
ADAMS, STEVE (I)	HOLLYWOODLAND	2006
ADAMSON, FRANK (I)	THE LAZARUS PROJECT	2008
ADAMSON, FRANK (I)	FEAR X	2003
ADAMSON, FRANK (I)	A SEASON ON THE BRINK	2002
ADAMSON, FRANK (I)	THE STONE ANGEL	2007
ADAMSON, FRANK (I)	EDGE OF MADNESS	2002
ADAMSON, FRANK (I)	DOLORES CLAIBORNE	1995
ADAMSON, FRANK (I)	HEADS	1994
ADAMSON, FRANK (I)	THE BIG WHITE	2005
ADAMSON, FRANK (I)	POPULATION 436	2006
ADAMTHWAITE, MICHAEL	EIGHT BELOW	2006
ADAMTHWAITE, MICHAEL	BLACK CHRISTMAS	2006
ADAMTHWAITE, MICHAEL	TRIAL BY FIRE	2008
ADAMTHWAITE, MICHAEL	WALKING TALL	2004
ADAMTHWAITE, MICHAEL	CHAOS	2005
ADAMTHWAITE, MICHAEL	SUCKER PUNCH	2011
ADAMTHWAITE, MICHAEL	CATCH AND RELEASE	2006
ADAMTHWAITE, MICHAEL	WATCHMEN	2009
ADAMTHWAITE, MICHAEL	SMOKIN' ACES 2: ASSASSINS' BALL	2010
ADAMTHWAITE, MICHAEL	THE SANDLOT 3	2007
ADAMTHWAITE, MICHAEL	HARDWIRED	2009
ADAMTHWAITE, MICHAEL	THE MARINE 3: HOMEFRONT	2013
ADAMTHWAITE, MICHAEL	FLIGHT 93	2006
ADAMTHWAITE, MICHAEL	NEXT AVENGERS: HEROES OF TOMORROW	2008
ADAMTHWAITE, MICHAEL	THE DEAD ZONE	2002
ADAMTHWAITE, MICHAEL	HULK VS.	2009
ADAMTHWAITE, MICHAEL	WALK ALL OVER ME	2007
ADAMTHWAITE, MICHAEL	NUMB	2007
ADAMTHWAITE, MICHAEL	88 MINUTES	2007
ADAMTHWAITE, MICHAEL	HORNS	2013
ADAMTHWAITE, MICHAEL	HECTOR AND THE SEARCH FOR HAPPINESS	2014
ADAMTHWAITE, MICHAEL	FINAL DESTINATION 5	2011
ADAMTHWAITE, MICHAEL	MAXIMUM CONVICTION	2012
ADAMTHWAITE, MICHAEL	RED RIDING HOOD	2011
ADAMTHWAITE, MICHAEL	IN THE NAME OF THE KING 2: TWO WORLDS	2011
ADAMTHWAITE, MICHAEL	THE TWILIGHT SAGA: NEW MOON	2009
ADAMTHWAITE, MICHAEL	IF I STAY	2014
ADAMTHWAITE, MICHAEL	LIKE MIKE 2: STREETBALL	2006
ADDABBO, ANTHONY	RED SHOE DIARIES 5: WEEKEND PASS	1995
ADDABBO, ANTHONY	A PLACE CALLED TRUTH	1998
ADDABBO, ANTHONY	MY ONE AND ONLY	2009
ADDABBO, ANTHONY	RED SHOE DIARIES 9: HOTLINE	1994
ADDABBO, ANTHONY	BLACK SEA 213	1998
ADDABBO, ANTHONY	RED SHOE DIARIES	1992
ADDABBO, ANTHONY	RED SHOE DIARIES 15: FORBIDDEN ZONE	2002
ADDABBO, ANTHONY	INSIDE OUT IV	1992
ADDABBO, ANTHONY	WHO KILLED BUDDY BLUE?	1995
ADDISON, WALTER	FUN WITH DICK AND JANE	2005
ADDISON, WALTER	THE LAST SEDUCTION	1994
ADDISON, WALTER	RAPID FIRE	1992
ADDISON, WALTER	GHOST IN THE MACHINE	1993
ADDISON, WALTER	BRINGING DOWN THE HOUSE	2003
ADDISON, WALTER	10 ITEMS OR LESS	2006
